Workbook

Sheet Estimate
A1: VFPT M2M
A2: New | B2: =SUBTOTAL(109,Estimate!$W$7:$W$8)
T4: Target GM% | V4: GM % Final | W4: =(Table4810[[#Totals],[Total Revenue]]-Table4810[[#Totals],[Total Cost Real]])/Table4810[[#Totals],[Total Revenue]]
T5: 0.3
A6: Stream | B6: Name | C6: Profile | D6: Rate Day | E6: Rate hour | F6: Jan | G6: Feb | H6: Mar | I6: Apr | J6: May | K6: Jun | L6: Total FTE | M6: Jan | N6: Feb | O6: Mar | P6: Apr | Q6: May | R6: Jun | S6: Total Cost | T6: GM% Target | U6: % Cost Real | V6: Total Cost Real | W6: Total Revenue
A7: {{streamName}} | C7: {{profileName}} | D7: {{rateDay}} | E7: =D7/8 | F7: {{m1days}} | G7: {{m2days}} | H7: {{m3days}} | I7: {{m4days}} | J7: {{m5days}} | K7: {{m6days}} | L7: =SUM(Estimate!$F7:$K7) | M7: =$D7*F7 | N7: =$D7*G7 | O7: =$D7*H7 | P7: =$D7*I7 | Q7: =$D7*J7 | R7: =$D7*K7 | S7: =SUM(M7:R7) | T7: =$T$5 | U7: 1 | V7: =Estimate!$S7*Estimate!$U7 | W7: =Estimate!$S7/(1-Estimate!$T7)
A8: {{separator}} | E8: =D8/8 | L8: =SUM(Estimate!$F8:$K8) | M8: =$D8*F8 | N8: =$D8*G8 | O8: =$D8*H8 | P8: =$D8*I8 | Q8: =$D8*J8 | R8: =$D8*K8 | S8: =SUM(M8:R8) | T8: =$T$5 | U8: 1 | V8: =Estimate!$S8*Estimate!$U8 | W8: =Estimate!$S8/(1-Estimate!$T8)
A9: Total | D9: =SUBTOTAL(101,Table4810[Rate Day]) | F9: =SUBTOTAL(109,Table4810[Jan]) | G9: =SUBTOTAL(109,Table4810[Feb]) | H9: =SUBTOTAL(109,Table4810[Mar]) | I9: =SUBTOTAL(109,Table4810[Apr]) | J9: =SUBTOTAL(109,Table4810[May]) | K9: =SUBTOTAL(109,Table4810[Jun]) | L9: =SUBTOTAL(109,Table4810[Total FTE]) | M9: =SUBTOTAL(109,Table4810[[Jan ]]) | N9: =SUBTOTAL(109,Table4810[[Feb ]]) | O9: =SUBTOTAL(109,Table4810[[Mar ]]) | P9: =SUBTOTAL(109,Table4810[[Apr ]]) | Q9: =SUBTOTAL(109,Table4810[[May ]]) | R9: =SUBTOTAL(109,Table4810[[Jun ]]) | S9: =SUBTOTAL(109,Table4810[Total Cost]) | V9: =SUBTOTAL(109,Table4810[Total Cost Real]) | W9: =SUBTOTAL(109,Table4810[Total Revenue])
X13: =Table4810[[#Totals],[Total Revenue]]/Table4810[[#Totals],[Total FTE]]
